Document,Human-made Reference,FP16 Baseline,MLX 4-bit,GGUF 4-bit (llama.cpp),BitsAndBytes NF4
"Prison Link Cymru had 1,099 referrals in 2015-16 and said some ex-offenders were living rough for up to a year before finding suitable accommodation.
Workers at the charity claim investment in housing would be cheaper than jailing homeless repeat offenders.
The Welsh Government said more people than ever were getting help to address housing problems.
Changes to the Housing Act in Wales, introduced in 2015, removed the right for prison leavers to be given priority for accommodation.
Prison Link Cymru, which helps people find accommodation after their release, said things were generally good for women because issues such as children or domestic violence were now considered.
However, the same could not be said for men, the charity said, because issues which often affect them, such as post traumatic stress disorder or drug dependency, were often viewed as less of a priority.
Andrew Stevens, who works in Welsh prisons trying to secure housing for prison leavers, said the need for accommodation was ""chronic"".
""There's a desperate need for it, finding suitable accommodation for those leaving prison there is just a lack of it everywhere,"" he said.
""It could take six months to a year, without a lot of help they could be on the streets for six months.
""When you think of the consequences of either being on the street, especially with the cold weather at the moment or you may have a roof over your head, sometimes there is only one choice.""
Mr Stevens believes building more one-bedroom flats could help ease the problem.
""The average price is a hundred pounds a week to keep someone in a rented flat, prison is a lot more than that so I would imagine it would save the public purse quite a few pounds,"" he said.
Official figures show 830 one-bedroom properties were built in the year to March 2016, of an overall total of 6,900 new properties in Wales.
Marc, 50, who has been in and out of prison for the past 20 years for burglary offences, said he struggled to find accommodation each time he was released.
He said he would ask himself: ""Where am I going to stay? Where am I going to live? Have I got somewhere where I can see my daughter.""
""You're put out among the same sort of people doing the same sort of thing, and it's difficult, it's difficult to get away from it. It's like every man for himself, there's nothing.""
Marc has now found stable accommodation with homeless charity Emmaus and said it had been life changing.
""You feel safe, you got hot food, you've got company of people in similar situations to yourself but all dealing with different issues. It's a constructive, helpful atmosphere,"" he said.
Tom Clarke, chief executive of Emmaus South Wales, agreed there was not enough support available.
""We do still see [people] homeless on the streets, so clearly they haven't got accommodation and haven't got provision,"" he said.
""I think the key is connecting people with the services they need. I don't delude myself that Emmaus can offer a one size fits all for everyone, we can't.
""But there must be other opportunities and given suitable encouragement I believe that can and should happen.""
A Welsh Government spokesman said the national pathway for homeless services to children, young people and adults in the secure estate had prevented many people from losing their home whilst serving their prison sentence.
It added there were already significant demands for one-bedroom flats across the public and private sector and it was providing 20,000 new affordable homes in the next five years.","There is a ""chronic"" need for more housing for prison leavers in Wales, according to a charity.","Investment in housing for ex-prisoners is seen as cheaper than continuing to house them in prison, according to a report by Prison Link Cymru.","The Welsh Government's investment in housing for ex-prisoners is seen as more cost-effective than continued incarceration, but issues like PTSD and drug dependency are often overlooked.","The Welsh Government has introduced changes to the Housing Act that remove the right for prison leavers to be given priority for accommodation, leading to a shortage of suitable housing for ex-offenders.","In Wales, homelessness among former prisoners is a growing concern, with some struggling to find suitable accommodation even after their release."
"Officers searched properties in the Waterfront Park and Colonsay View areas of the city on Wednesday.
Detectives said three firearms, ammunition and a five-figure sum of money were recovered.
A 26-year-old man who was arrested and charged appeared at Edinburgh Sheriff Court on Thursday.","A man has appeared in court after firearms, ammunition and cash were seized by police in Edinburgh.","Three firearms, ammunition, and £50,000 were seized from properties in Edinburgh during an investigation into thefts.","Three firearms, ammunition, and a significant sum of money were recovered from properties in Edinburgh, leading to the arrest of a 26-year-old man at Edinburgh Sheriff Court.","Three firearms, ammunition, and a significant amount of money were recovered during a search of properties in Edinburgh, with a 26-year-old man arrested and appearing in court.","Three guns, ammo, and cash found in searches; suspect faces charges."
